file,bytes,lf_content_md5,sha256
00_common.R,21137,fae2fd9ca7a3093c207594b534bf7764,49f5af029901105fa6741dade257d22d92d09cc7c03cf149294725edba926468
05_env_snapshot.R,3181,8704f9b81608cc13ae5d822b6444af6d,a2c2df004170d2ba940cde665ce424b46fab1aace0ac6d303248766335aa565d
10_shared_upstream.R,5644,291a5ad7f5f0e5fa0d206a2037be30ec,62511e4cfd29c4e153afc2072efbc32a273a9d30289983fe4af6ff822a9565c1
20_full.R,8167,015cf509cc84bbe72505e91f359c254d,6528afc2b63de2b9cc31afc1e9ad6941e74ee568ed7383777940686c131db1e9
30_no_hotspot.R,8859,0e236f00b9017a7d965d34c1b7a2663d,e516921978bd5b5a2734cd61e3a34e6213e964c47a4dc01042f66586138e0463
98_dry_verify_routes.R,5412,0043ec67c8a3b52d77b6130491669885,fd3bbd35d5ddafe5353f8947a5273a1dc2776b9c5911ca8a638934359dfd7deb
MASTER_RUN.bat,4631,43ad31d9eec83d2f820e6e753ca6d5c7,8920e5b769c5a00ec565f3202bdeca3923f3851e795cbd3d9b8ae108b1f46a84
RESUME_RUN.bat,5151,a8f3191feacd5ac205732cdd4fa79180,230bb1a7ca2dbc54d613fad714bf0b409da5addef157f25b87035d1b099f60ee
README.md,5966,306311f878f741259bf29238873a2adb,7b5b92f80243988527f2984611046fcf6728b0b5780b4481b56f43d7a824bded
